{
  "vite.config.js": 1777213076.0825367,
  "src\\App.jsx": 1777388978.2089574,
  "src\\main.jsx": 1777213076.0825367,
  "src\\Components\\About\\About.jsx": 1777312555.0956447,
  "src\\Components\\ContactMe\\ContactMe.jsx": 1777342667.4254785,
  "src\\Components\\Header\\Header.jsx": 1777342657.7815025,
  "src\\Components\\HeroSection\\HeroSection.jsx": 1777341614.0606337,
  "src\\Components\\Pointer\\BubblePointer.jsx": 1777393752.7320623,
  "src\\Components\\Pointer\\Pointer.jsx": 1777339331.3349733,
  "src\\Components\\Skills\\Skills.jsx": 1777337854.9342296,
  "src\\Components\\Works\\Works.jsx": 1777335232.4563441,
  "src\\lib\\framer.js": 1777213076.0815365,
  "src\\UIComponents\\SnapingButton.jsx": 1777213076.0525723,
  "src\\UIComponents\\Divider\\Divider.jsx": 1777213076.0515726,
  "index.html": 1777312346.1987665,
  "README.md": 1777213076.033501,
  "public\\logo.svg": 1777213076.037502,
  "public\\vite.svg": 1777213076.0385017,
  "src\\assets\\react.svg": 1777213076.080536,
  "src\\assets\\icons\\facebook.svg": 1777213076.0765367,
  "src\\assets\\icons\\github.svg": 1777213076.0775356,
  "src\\assets\\icons\\instagram.svg": 1777213076.0775356,
  "src\\assets\\icons\\link.svg": 1777213076.0785353,
  "src\\assets\\icons\\linkedin.svg": 1777213076.0785353,
  "src\\assets\\icons\\mail.svg": 1777213076.079537,
  "src\\assets\\projects\\artworld.png": 1777312169.9152796,
  "src\\assets\\projects\\chatsphere.png": 1777312284.893197,
  "src\\assets\\projects\\disneyplus.png": 1777312385.8732214
}